{
	"Mon":"700 Mountain 76 14 2/1300 AdventureGuild 5 11 2/2200 AdventureGuild 6 5 2",
	"Tue":"900 Saloon 3 23 3/1300 AdventureGuild 5 11 2/2200 AdventureGuild 6 5 2",
	"Wed":"700 Mountain 55 6 3/1300 AdventureGuild 5 11 2/2200 AdventureGuild 6 5 2",
	"Thu":"610 Blacksmith 2 16 1/1200 AdventureGuild 5 11 2/2200 AdventureGuild 6 5 2",
	"Fri":"900 Saloon 3 23 3/1300 AdventureGuild 5 11 2/2200 AdventureGuild 6 5 2",
	"Sat":"610 Mine 24 8 2/1300 AdventureGuild 5 11 2/2200 AdventureGuild 6 5 2",
	"Sun":"610 Town 42 86 0/1100 AdventureGuild 5 11 2/2200 AdventureGuild 6 5 2",    
	"rain": "610 Mine 24 8 2/1300 AdventureGuild 5 11 2/2200 AdventureGuild 6 5 2",
	"marriage_Mon":"700 Mine 24 10 2 \"Strings\\schedules\\Marlon:marriage_mine\"/1340 AdventureGuild 4 11 2 \"Strings\\schedules\\Marlon:marriage.000\"/1700 AdventureGuild 5 11 2 \"Strings\\schedules\\Marlon:marriage.001\"/2000 BusStop -1 23 3",
	"marriage_Wed":"1030 AdventureGuild 4 11 2 \"Strings\\schedules\\Marlon:marriage.002\"/1700 AdventureGuild 5 11 2 \"Strings\\schedules\\Marlon:marriage.003\"/2000 BusStop -1 23 3",
	"marriage_Fri":"1030 AdventureGuild 4 11 2 \"Strings\\schedules\\Marlon:marriage.004\"/1700 AdventureGuild 5 11 2 \"Strings\\schedules\\Marlon:marriage.004\"/2000 BusStop -1 23 3",
}
